Model,Accuracy,Precision,Recall,F1-score,AUROC,AUPRC,True Positives,True Negatives,False Positives,False Negatives,Sensitivity (%),Specificity (%)
Original RF-HOT,0.515502752825268,0.9401041666666666,0.04591706944797761,0.08755760368663595,0.7020210797986826,0.7292025520574101,722,15289,46,15002,4.59,99.7
RF-HOT Optimised,0.5163398692810458,0.9848066298342542,0.045344696006105314,0.08669747081712063,0.7050463418653878,0.7567177192105943,713,15324,11,15011,4.53,99.93
